,Tournament,Date,Home Team,Home Goals,Away Goals,Away Team
320,Friendly,1914-09-20,Argentina,3,0,Brazil
321,Copa Roca,1914-09-27,Argentina,0,1,Brazil
333,Copa America,1916-07-08,Brazil,1,1,Chile
334,Copa America,1916-07-10,Argentina,1,1,Brazil
336,Copa America,1916-07-12,Brazil,1,2,Uruguay
339,Friendly,1916-07-18,Uruguay,0,1,Brazil
356,Copa America,1917-10-03,Argentina,4,2,Brazil
359,Copa America,1917-10-07,Uruguay,4,0,Brazil
360,Copa America,1917-10-12,Brazil,5,0,Chile
363,Friendly,1917-10-16,Uruguay,3,1,Brazil
379,Copa America,1919-05-11,Brazil,6,0,Chile
384,Copa America,1919-05-18,Brazil,3,1,Argentina
388,Copa America,1919-05-26,Brazil,2,2,Uruguay
389,Copa America,1919-05-29,Brazil,1,0,Uruguay
390,Friendly,1919-06-01,Brazil,3,3,Argentina
421,Copa America,1920-09-11,Chile,0,1,Brazil
423,Copa America,1920-09-18,Brazil,0,6,Uruguay
425,Copa America,1920-09-25,Argentina,2,0,Brazil
453,Copa America,1921-10-02,Argentina,1,0,Brazil
457,Copa America,1921-10-12,Brazil,3,0,Paraguay
460,Copa America,1921-10-23,Brazil,1,2,Uruguay
491,Copa America,1922-09-17,Brazil,1,1,Chile
493,Copa America,1922-09-24,Brazil,1,1,Paraguay
495,Copa America,1922-10-01,Brazil,0,0,Uruguay
500,Copa America,1922-10-15,Brazil,2,0,Argentina
504,Copa America,1922-10-22,Brazil,3,0,Paraguay
505,Copa Roca,1922-10-22,Brazil,2,1,Argentina
506,Friendly,1922-10-29,Brazil,3,1,Paraguay
563,Copa America,1923-11-11,Brazil,0,1,Paraguay
564,Copa America,1923-11-18,Argentina,2,1,Brazil
565,Friendly,1923-11-22,Brazil,2,0,Paraguay
567,Copa America,1923-11-25,Uruguay,2,1,Brazil
568,Friendly,1923-12-02,Argentina,0,2,Brazil
570,Copa Roca,1923-12-09,Argentina,2,0,Brazil
672,Copa America,1925-12-06,Brazil,5,2,Paraguay
673,Copa America,1925-12-13,Argentina,4,1,Brazil
675,Copa America,1925-12-17,Brazil,3,1,Paraguay
677,Copa America,1925-12-25,Argentina,2,2,Brazil
887,Friendly,1930-08-01,Brazil,3,2,France
889,Friendly,1930-08-10,Brazil,4,1,Yugoslavia
890,Friendly,1930-08-17,Brazil,4,3,United States
936,Copa Rio Branco,1931-09-06,Brazil,2,0,Uruguay
989,Copa Rio Branco,1932-12-04,Uruguay,1,2,Brazil
1070,Friendly,1934-06-03,Yugoslavia,8,4,Brazil
1072,Friendly,1934-06-17,Catalonia,2,1,Brazil
1073,Friendly,1934-06-24,Catalonia,2,2,Brazil
1195,Copa America,1936-12-27,Brazil,3,2,Peru
1198,Copa America,1937-01-03,Brazil,6,4,Chile
1202,Copa America,1937-01-13,Brazil,5,0,Paraguay
1204,Copa America,1937-01-19,Brazil,3,2,Uruguay
1207,Copa America,1937-01-30,Argentina,1,0,Brazil
1209,Copa America,1937-02-01,Argentina,2,0,Brazil
1325,Copa Roca,1939-01-15,Brazil,1,5,Argentina
1327,Copa Roca,1939-01-22,Brazil,3,2,Argentina
1380,Copa Roca,1940-02-18,Brazil,2,2,Argentina
1382,Copa Roca,1940-02-25,Brazil,0,3,Argentina
1385,Copa Roca,1940-03-05,Argentina,6,1,Brazil
1387,Copa Roca,1940-03-10,Argentina,2,3,Brazil
1389,Copa Roca,1940-03-17,Argentina,5,1,Brazil
1391,Copa Rio Branco,1940-03-24,Brazil,3,4,Uruguay
1392,Copa Rio Branco,1940-03-31,Brazil,1,1,Uruguay
1455,Copa America,1942-01-14,Brazil,6,1,Chile
1456,Copa America,1942-01-17,Argentina,2,1,Brazil
1459,Copa America,1942-01-21,Brazil,2,1,Peru
1461,Copa America,1942-01-24,Uruguay,1,0,Brazil
1467,Copa America,1942-01-31,Brazil,5,1,Ecuador
1470,Copa America,1942-02-05,Brazil,1,1,Paraguay
1514,Friendly,1944-05-14,Brazil,6,1,Uruguay
1515,Friendly,1944-05-17,Brazil,4,0,Uruguay
1521,Copa America,1945-01-21,Brazil,3,0,Colombia
1523,Copa America,1945-01-28,Bolivia,0,2,Brazil
1527,Copa America,1945-02-07,Brazil,3,0,Uruguay
1530,Copa America,1945-02-15,Argentina,3,1,Brazil
1534,Copa America,1945-02-21,Brazil,9,2,Ecuador
1536,Copa America,1945-02-28,Chile,0,1,Brazil
1559,Copa Roca,1945-12-16,Brazil,3,4,Argentina
1560,Copa Roca,1945-12-20,Brazil,6,2,Argentina
1561,Copa Roca,1945-12-23,Brazil,3,1,Argentina
1562,Copa Rio Branco,1946-01-05,Uruguay,4,3,Brazil
1564,Copa America,1946-01-16,Bolivia,0,3,Brazil
1568,Copa America,1946-01-23,Brazil,4,3,Uruguay
1572,Copa America,1946-01-29,Brazil,1,1,Paraguay
1574,Copa America,1946-02-03,Brazil,5,1,Chile
1576,Copa America,1946-02-10,Argentina,2,0,Brazil
1615,Copa Rio Branco,1947-03-29,Uruguay,0,0,Brazil
1616,Copa Rio Branco,1947-04-01,Brazil,3,2,Uruguay
1690,Copa Rio Branco,1948-04-04,Uruguay,1,1,Brazil
1692,Copa Rio Branco,1948-04-11,Uruguay,4,2,Brazil
1742,Copa America,1949-04-03,Brazil,9,1,Ecuador
1745,Copa America,1949-04-10,Brazil,10,1,Bolivia
1747,Copa America,1949-04-13,Brazil,2,1,Chile
1750,Copa America,1949-04-17,Brazil,5,0,Colombia
1755,Copa America,1949-04-24,Brazil,7,1,Peru
1760,Copa America,1949-04-30,Brazil,5,1,Uruguay
1763,Copa America,1949-05-08,Brazil,1,2,Paraguay
1766,Copa America,1949-05-11,Brazil,7,0,Paraguay
1826,Copa Rio Branco,1950-05-06,Brazil,3,4,Uruguay
1827,Copa Oswaldo Cruz,1950-05-07,Brazil,2,0,Paraguay
1829,Copa Oswaldo Cruz,1950-05-13,Brazil,3,3,Paraguay
1830,Copa Rio Branco,1950-05-14,Brazil,3,2,Uruguay
1926,Pan American Championship,1952-04-06,Brazil,2,0,Mexico
1928,Pan American Championship,1952-04-10,Brazil,0,0,Peru
1930,Pan American Championship,1952-04-13,Brazil,5,0,Panama
1932,Pan American Championship,1952-04-16,Brazil,4,2,Uruguay
1933,Pan American Championship,1952-04-20,Chile,0,3,Brazil
1981,Copa America,1953-03-01,Bolivia,1,8,Brazil
1988,Copa America,1953-03-12,Brazil,2,0,Ecuador
1991,Copa America,1953-03-15,Brazil,1,0,Uruguay
1995,Copa America,1953-03-19,Peru,1,0,Brazil
2000,Copa America,1953-03-23,Brazil,3,2,Chile
2002,Copa America,1953-03-27,Brazil,1,2,Paraguay
2004,Copa America,1953-04-01,Brazil,2,3,Paraguay
2070,FIFA World Cup qualification,1954-02-28,Chile,0,2,Brazil
2072,FIFA World Cup qualification,1954-03-07,Paraguay,0,1,Brazil
2074,FIFA World Cup qualification,1954-03-14,Brazil,1,0,Chile
2078,FIFA World Cup qualification,1954-03-21,Brazil,4,1,Paraguay
2182,Copa Bernardo O'Higgins,1955-09-18,Brazil,1,1,Chile
2183,Copa Bernardo O'Higgins,1955-09-20,Brazil,2,1,Chile
2201,Copa Oswaldo Cruz,1955-11-13,Brazil,3,0,Paraguay
2204,Copa Oswaldo Cruz,1955-11-17,Brazil,3,3,Paraguay
2215,Copa America,1956-01-24,Brazil,1,4,Chile
2218,Copa America,1956-01-29,Brazil,0,0,Paraguay
2220,Copa America,1956-02-01,Brazil,2,1,Peru
2221,Copa America,1956-02-05,Argentina,0,1,Brazil
2223,Copa America,1956-02-10,Uruguay,0,0,Brazil
2229,Pan American Championship,1956-03-01,Brazil,2,1,Chile
2232,Pan American Championship,1956-03-06,Brazil,1,0,Peru
2234,Pan American Championship,1956-03-08,Mexico,1,2,Brazil
2237,Pan American Championship,1956-03-13,Brazil,7,1,Costa Rica
2241,Pan American Championship,1956-03-18,Argentina,2,2,Brazil
2245,Friendly,1956-04-08,Portugal,0,1,Brazil
2246,Friendly,1956-04-11,Switzerland,1,1,Brazil
2249,Friendly,1956-04-15,Austria,2,3,Brazil
2250,Friendly,1956-04-21,Czechoslovakia,0,0,Brazil
2252,Friendly,1956-04-25,Italy,3,0,Brazil
2254,Friendly,1956-05-01,Turkey,0,1,Brazil
2255,Friendly,1956-05-09,England,4,2,Brazil
2267,Copa Oswaldo Cruz,1956-06-12,Paraguay,0,2,Brazil
2269,Copa Oswaldo Cruz,1956-06-17,Paraguay,2,5,Brazil
2271,Atlantic Cup,1956-06-24,Brazil,2,0,Uruguay
2274,Friendly,1956-07-01,Brazil,2,0,Italy
2277,Atlantic Cup,1956-07-08,Argentina,0,0,Brazil
2281,Friendly,1956-08-05,Brazil,0,1,Czechoslovakia
2282,Friendly,1956-08-08,Brazil,4,1,Czechoslovakia
2334,Copa America,1957-03-13,Brazil,4,2,Chile
2339,Copa America,1957-03-21,Brazil,7,1,Ecuador
2341,Copa America,1957-03-24,Brazil,9,0,Colombia
2344,Copa America,1957-03-28,Brazil,2,3,Uruguay
2346,Copa America,1957-03-31,Peru,0,1,Brazil
2349,Copa America,1957-04-03,Argentina,3,0,Brazil
2356,FIFA World Cup qualification,1957-04-13,Peru,1,1,Brazil
2358,FIFA World Cup qualification,1957-04-21,Brazil,1,0,Peru
2382,Friendly,1957-06-11,Brazil,2,1,Portugal
2383,Friendly,1957-06-16,Brazil,3,0,Portugal
2395,Copa Roca,1957-07-07,Brazil,1,2,Argentina
2396,Copa Roca,1957-07-10,Brazil,2,0,Argentina
2406,Copa Bernardo O'Higgins,1957-09-15,Chile,1,0,Brazil
2407,Copa Bernardo O'Higgins,1957-09-18,Chile,1,1,Brazil
2459,Copa Oswaldo Cruz,1958-05-04,Brazil,5,1,Paraguay
2461,Copa Oswaldo Cruz,1958-05-07,Brazil,0,0,Paraguay
2467,Friendly,1958-05-14,Brazil,4,0,Bulgaria
2469,Friendly,1958-05-18,Brazil,3,1,Bulgaria
2517,Copa America,1959-03-10,Brazil,2,2,Peru
2520,Copa America,1959-03-15,Brazil,3,0,Chile
2523,Copa America,1959-03-21,Bolivia,2,4,Brazil
2525,Copa America,1959-03-26,Brazil,3,1,Uruguay
2526,Copa America,1959-03-29,Brazil,4,1,Paraguay
2529,Copa America,1959-04-04,Argentina,1,1,Brazil
2538,Friendly,1959-05-13,Brazil,2,0,England
2565,Copa Bernardo O'Higgins,1959-09-17,Brazil,7,0,Chile
2566,Copa Bernardo O'Higgins,1959-09-20,Brazil,1,0,Chile
2587,Copa America,1959-12-05,Brazil,3,2,Paraguay
2592,Copa America,1959-12-12,Brazil,0,3,Uruguay
2599,Copa America,1959-12-19,Ecuador,1,3,Brazil
2601,Copa America,1959-12-22,Argentina,4,1,Brazil
2604,Friendly,1959-12-27,Ecuador,1,2,Brazil
2612,Pan American Championship,1960-03-06,Brazil,2,2,Mexico
2615,Pan American Championship,1960-03-10,Costa Rica,3,0,Brazil
2616,Pan American Championship,1960-03-13,Argentina,2,1,Brazil
2618,Pan American Championship,1960-03-15,Brazil,2,1,Mexico
2622,Pan American Championship,1960-03-17,Costa Rica,0,4,Brazil
2623,Pan American Championship,1960-03-20,Argentina,0,1,Brazil
2638,Friendly,1960-04-29,Egypt,0,5,Brazil
2639,Friendly,1960-05-01,Egypt,1,3,Brazil
2642,Friendly,1960-05-06,Egypt,0,3,Brazil
2644,Friendly,1960-05-10,Denmark,3,4,Brazil
2653,Copa Roca,1960-05-26,Argentina,4,2,Brazil
2655,Copa Roca,1960-05-29,Argentina,1,4,Brazil
2661,Friendly,1960-06-29,Brazil,4,0,Chile
2665,Atlantic Cup,1960-07-03,Paraguay,1,2,Brazil
2670,Atlantic Cup,1960-07-09,Uruguay,1,0,Brazil
2672,Atlantic Cup,1960-07-12,Brazil,5,1,Argentina
2759,Copa Oswaldo Cruz,1961-04-30,Paraguay,0,2,Brazil
2760,Copa Oswaldo Cruz,1961-05-03,Paraguay,2,3,Brazil
2761,Copa Bernardo O'Higgins,1961-05-07,Chile,1,2,Brazil
2764,Copa Bernardo O'Higgins,1961-05-11,Chile,0,1,Brazil
2792,Friendly,1961-06-29,Brazil,3,2,Paraguay
2858,Copa Oswaldo Cruz,1962-04-21,Brazil,6,0,Paraguay
2860,Copa Oswaldo Cruz,1962-04-24,Brazil,4,0,Paraguay
2865,Friendly,1962-05-06,Brazil,2,1,Portugal
2866,Friendly,1962-05-09,Brazil,1,0,Portugal
2869,Friendly,1962-05-12,Brazil,3,1,Wales
2871,Friendly,1962-05-16,Brazil,3,1,Wales
2942,Friendly,1963-03-03,Paraguay,2,2,Brazil
2946,Copa America,1963-03-10,Brazil,1,0,Peru
2949,Copa America,1963-03-14,Brazil,5,1,Colombia
2951,Copa America,1963-03-17,Brazil,0,2,Paraguay
2956,Copa America,1963-03-24,Argentina,3,0,Brazil
2959,Copa America,1963-03-27,Brazil,2,2,Ecuador
2966,Copa America,1963-03-31,Bolivia,5,4,Brazil
2978,Copa Roca,1963-04-13,Brazil,2,3,Argentina
2979,Copa Roca,1963-04-16,Brazil,5,2,Argentina
2981,Friendly,1963-04-21,Portugal,1,0,Brazil
2982,Friendly,1963-04-24,Belgium,5,1,Brazil
2983,Friendly,1963-04-28,France,2,3,Brazil
2984,Friendly,1963-05-02,Netherlands,1,0,Brazil
2985,Friendly,1963-05-05,Germany,1,2,Brazil
2986,Friendly,1963-05-08,England,1,1,Brazil
2987,Friendly,1963-05-12,Italy,3,0,Brazil
2989,Friendly,1963-05-17,Egypt,0,1,Brazil
2991,Friendly,1963-05-19,Israel,0,5,Brazil
3088,Friendly,1964-05-30,Brazil,5,1,England
3091,Friendly,1964-06-03,Brazil,0,3,Argentina
3095,Friendly,1964-06-07,Brazil,4,1,Portugal
3225,Friendly,1965-06-02,Brazil,5,0,Belgium
3227,Friendly,1965-06-06,Brazil,2,0,Germany
3229,Friendly,1965-06-09,Brazil,0,0,Argentina
3233,Friendly,1965-06-17,Algeria,0,3,Brazil
3235,Friendly,1965-06-24,Portugal,0,0,Brazil
3237,Friendly,1965-06-30,Sweden,1,2,Brazil
3238,Friendly,1965-07-04,Russia,0,3,Brazil
3265,Friendly,1965-09-07,Brazil,3,0,Uruguay
3303,Friendly,1965-11-21,Brazil,2,2,Russia
3304,Friendly,1965-11-21,Brazil,5,3,Hungary
3336,Copa Bernardo O'Higgins,1966-04-17,Chile,0,1,Brazil
3338,Copa Bernardo O'Higgins,1966-04-20,Chile,2,1,Brazil
3348,Friendly,1966-05-14,Brazil,3,1,Wales
3349,Friendly,1966-05-15,Brazil,1,1,Chile
3351,Friendly,1966-05-18,Brazil,1,0,Wales
3354,Friendly,1966-05-19,Brazil,1,0,Chile
3361,Friendly,1966-06-04,Brazil,4,0,Peru
3362,Friendly,1966-06-05,Brazil,4,1,Poland
3365,Friendly,1966-06-08,Brazil,2,1,Poland
3366,Friendly,1966-06-08,Brazil,3,1,Peru
3368,Friendly,1966-06-12,Brazil,2,1,Czechoslovakia
3370,Friendly,1966-06-15,Brazil,2,2,Czechoslovakia
3380,Friendly,1966-06-25,Scotland,1,1,Brazil
3387,Friendly,1966-06-30,Sweden,2,3,Brazil
3498,Copa Rio Branco,1967-06-25,Uruguay,0,0,Brazil
3499,Copa Rio Branco,1967-06-28,Uruguay,2,2,Brazil
3500,Copa Rio Branco,1967-07-01,Uruguay,1,1,Brazil
3522,Friendly,1967-09-19,Chile,0,1,Brazil
3624,Copa Rio Branco,1968-06-09,Brazil,2,0,Uruguay
3626,Copa Rio Branco,1968-06-12,Brazil,4,0,Uruguay
3627,Friendly,1968-06-16,Germany,2,1,Brazil
3629,Friendly,1968-06-20,Poland,3,6,Brazil
3631,Friendly,1968-06-23,Czechoslovakia,3,2,Brazil
3633,Friendly,1968-06-25,Yugoslavia,0,2,Brazil
3635,Friendly,1968-06-30,Portugal,0,2,Brazil
3636,Friendly,1968-07-07,Mexico,0,2,Brazil
3637,Friendly,1968-07-10,Mexico,2,1,Brazil
3638,Friendly,1968-07-14,Peru,3,4,Brazil
3639,Friendly,1968-07-17,Peru,0,4,Brazil
3640,Copa Oswaldo Cruz,1968-07-25,Paraguay,0,4,Brazil
3641,Copa Oswaldo Cruz,1968-07-28,Paraguay,1,0,Brazil
3642,Friendly,1968-08-07,Brazil,4,1,Argentina
3644,Friendly,1968-08-11,Brazil,3,2,Argentina
3686,Friendly,1968-10-31,Brazil,1,2,Mexico
3688,Friendly,1968-11-03,Brazil,2,1,Mexico
3711,Friendly,1968-12-14,Brazil,2,2,Germany
3713,Friendly,1968-12-17,Brazil,3,3,Yugoslavia
3715,Friendly,1968-12-19,Brazil,3,2,Yugoslavia
3751,Friendly,1969-04-07,Brazil,2,1,Peru
3752,Friendly,1969-04-09,Brazil,3,2,Peru
3792,Friendly,1969-06-12,Brazil,2,1,England
3813,FIFA World Cup qualification,1969-08-06,Colombia,0,2,Brazil
3815,FIFA World Cup qualification,1969-08-10,Venezuela,0,5,Brazil
3817,FIFA World Cup qualification,1969-08-17,Paraguay,0,3,Brazil
3818,FIFA World Cup qualification,1969-08-21,Brazil,6,2,Colombia
3820,FIFA World Cup qualification,1969-08-24,Brazil,6,0,Venezuela
3823,FIFA World Cup qualification,1969-08-31,Brazil,1,0,Paraguay
3917,Friendly,1970-03-04,Brazil,0,2,Argentina
3919,Friendly,1970-03-08,Brazil,2,1,Argentina
3923,Friendly,1970-03-22,Brazil,5,0,Chile
3924,Friendly,1970-03-26,Brazil,2,1,Chile
3934,Friendly,1970-04-12,Brazil,0,0,Paraguay
3945,Friendly,1970-04-29,Brazil,1,0,Austria
3992,Friendly,1970-09-30,Brazil,2,1,Mexico
3993,Friendly,1970-10-04,Chile,1,5,Brazil
4096,Friendly,1971-07-11,Brazil,1,1,Austria
4098,Friendly,1971-07-14,Brazil,1,0,Czechoslovakia
4099,Friendly,1971-07-18,Brazil,2,2,Yugoslavia
4102,Friendly,1971-07-24,Brazil,1,0,Paraguay
4104,Copa Roca,1971-07-28,Argentina,1,1,Brazil
4106,Copa Roca,1971-07-31,Argentina,2,2,Brazil
4205,Friendly,1972-04-26,Brazil,3,2,Paraguay
4256,Brazil Independence Cup,1972-06-28,Brazil,0,0,Czechoslovakia
4261,Brazil Independence Cup,1972-07-02,Brazil,3,0,Yugoslavia
4265,Brazil Independence Cup,1972-07-05,Brazil,1,0,Scotland
4269,Brazil Independence Cup,1972-07-09,Brazil,1,0,Portugal
4422,Friendly,1973-05-27,Brazil,5,0,Bolivia
4426,Friendly,1973-06-03,Algeria,0,2,Brazil
4431,Friendly,1973-06-06,Tunisia,1,4,Brazil
4432,Friendly,1973-06-09,Italy,2,0,Brazil
4434,Friendly,1973-06-13,Austria,1,1,Brazil
4437,Friendly,1973-06-16,Germany,0,1,Brazil
4440,Friendly,1973-06-21,Russia,0,1,Brazil
4444,Friendly,1973-06-25,Sweden,1,0,Brazil
4446,Friendly,1973-06-30,Scotland,0,1,Brazil
4448,Friendly,1973-07-03,Republic of Ireland,3,4,Brazil
4582,Friendly,1974-03-31,Brazil,1,1,Mexico
4584,Friendly,1974-04-07,Brazil,1,0,Czechoslovakia
4588,Friendly,1974-04-14,Brazil,1,0,Bulgaria
4591,Friendly,1974-04-17,Brazil,2,0,Romania
4594,Friendly,1974-04-21,Brazil,4,0,Haiti
4598,Friendly,1974-04-28,Brazil,0,0,Greece
4599,Friendly,1974-05-01,Brazil,0,0,Austria
4602,Friendly,1974-05-05,Brazil,2,1,Republic of Ireland
4605,Friendly,1974-05-12,Brazil,2,0,Paraguay
4700,Friendly,1975-03-09,Brazil,2,1,Portugal
4786,Copa America,1975-07-31,Venezuela,0,4,Brazil
4795,Copa America,1975-08-06,Brazil,2,1,Argentina
4808,Copa America,1975-08-13,Brazil,6,0,Venezuela
4812,Copa America,1975-08-16,Argentina,0,1,Brazil
4833,Copa America,1975-09-30,Brazil,1,3,Peru
4835,Copa America,1975-10-04,Peru,0,2,Brazil
4877,Copa Rio Branco,1976-02-25,Uruguay,1,2,Brazil
4878,Copa Roca,1976-02-27,Argentina,1,2,Brazil
4906,Copa Oswaldo Cruz,1976-04-07,Paraguay,1,1,Brazil
4918,Copa Rio Branco,1976-04-28,Brazil,2,1,Uruguay
4928,Copa Roca,1976-05-19,Brazil,2,0,Argentina
4935,Friendly,1976-05-23,Brazil,1,0,England
4939,Friendly,1976-05-31,Brazil,4,1,Italy
4941,Friendly,1976-06-04,Mexico,0,3,Brazil
4943,Copa Oswaldo Cruz,1976-06-09,Brazil,3,1,Paraguay
5035,Friendly,1976-12-01,Brazil,2,0,Russia
5056,Friendly,1977-01-23,Brazil,1,0,Bulgaria
5078,FIFA World Cup qualification,1977-02-20,Colombia,0,0,Brazil
5091,FIFA World Cup qualification,1977-03-09,Brazil,6,0,Colombia
5098,FIFA World Cup qualification,1977-03-13,Paraguay,0,1,Brazil
5105,FIFA World Cup qualification,1977-03-20,Brazil,1,1,Paraguay
5153,Friendly,1977-06-08,Brazil,0,0,England
5160,Friendly,1977-06-12,Brazil,1,1,Germany
5167,Friendly,1977-06-19,Brazil,3,1,Poland
5171,Friendly,1977-06-23,Brazil,2,0,Scotland
5174,Friendly,1977-06-26,Brazil,0,0,Yugoslavia
5176,Friendly,1977-06-30,Brazil,2,2,France
5180,FIFA World Cup qualification,1977-07-10,Peru,0,1,Brazil
5182,FIFA World Cup qualification,1977-07-14,Brazil,8,0,Bolivia
5306,Friendly,1978-04-01,France,1,0,Brazil
5309,Friendly,1978-04-05,Germany,0,1,Brazil
5316,Friendly,1978-04-19,England,1,1,Brazil
5323,Friendly,1978-05-01,Brazil,3,0,Peru
5329,Friendly,1978-05-17,Brazil,2,0,Czechoslovakia
5452,Friendly,1979-05-17,Brazil,6,0,Paraguay
5464,Friendly,1979-05-31,Brazil,5,1,Uruguay
5490,Copa America,1979-07-26,Bolivia,2,1,Brazil
5492,Copa America,1979-08-02,Brazil,2,1,Argentina
5495,Copa America,1979-08-16,Brazil,2,0,Bolivia
5497,Copa America,1979-08-23,Argentina,2,2,Brazil
5535,Copa America,1979-10-24,Paraguay,2,1,Brazil
5538,Copa America,1979-10-31,Brazil,2,2,Paraguay
5646,Friendly,1980-06-08,Brazil,2,0,Mexico
5657,Friendly,1980-06-15,Brazil,1,2,Russia
5668,Friendly,1980-06-24,Brazil,2,1,Chile
5670,Friendly,1980-06-29,Brazil,1,1,Poland
5690,Friendly,1980-08-27,Brazil,1,0,Uruguay
5718,Friendly,1980-09-25,Paraguay,1,2,Brazil
5759,Friendly,1980-10-30,Brazil,6,0,Paraguay
5802,Friendly,1980-12-21,Brazil,2,0,Switzerland
5811,Mundialito,1981-01-04,Argentina,1,1,Brazil
5813,Mundialito,1981-01-07,Brazil,4,1,Germany
5814,Mundialito,1981-01-10,Uruguay,2,1,Brazil
5821,Friendly,1981-02-01,Colombia,1,1,Brazil
5826,FIFA World Cup qualification,1981-02-08,Venezuela,0,1,Brazil
5831,Friendly,1981-02-14,Ecuador,0,6,Brazil
5837,FIFA World Cup qualification,1981-02-22,Bolivia,1,2,Brazil
5846,Friendly,1981-03-14,Brazil,2,1,Chile
5849,FIFA World Cup qualification,1981-03-22,Brazil,3,1,Bolivia
5862,FIFA World Cup qualification,1981-03-29,Brazil,5,0,Venezuela
5894,Friendly,1981-05-12,England,0,1,Brazil
5896,Friendly,1981-05-15,France,1,3,Brazil
5900,Friendly,1981-05-19,Germany,1,2,Brazil
5925,Friendly,1981-07-08,Brazil,1,0,Spain
5940,Friendly,1981-08-26,Chile,0,0,Brazil
5982,Friendly,1981-10-28,Brazil,3,0,Bulgaria
6021,Friendly,1982-01-26,Brazil,3,1,German DR
6044,Friendly,1982-03-03,Brazil,1,1,Czechoslovakia
6060,Friendly,1982-03-21,Brazil,1,0,Germany
6088,Friendly,1982-05-05,Brazil,3,1,Portugal
6100,Friendly,1982-05-19,Brazil,1,1,Switzerland
6103,Friendly,1982-05-27,Brazil,7,0,Republic of Ireland
6219,Friendly,1983-04-28,Brazil,3,2,Chile
6240,Friendly,1983-06-08,Portugal,0,4,Brazil
6245,Friendly,1983-06-12,Wales,1,1,Brazil
6250,Friendly,1983-06-17,Switzerland,1,2,Brazil
6252,Friendly,1983-06-22,Sweden,3,3,Brazil
6264,Friendly,1983-07-28,Chile,0,0,Brazil
6279,Copa America,1983-08-17,Ecuador,0,1,Brazil
6280,Copa America,1983-08-24,Argentina,1,0,Brazil
6286,Copa America,1983-09-01,Brazil,5,0,Ecuador
6296,Copa America,1983-09-14,Brazil,0,0,Argentina
6318,Copa America,1983-10-13,Paraguay,1,1,Brazil
6320,Copa America,1983-10-20,Brazil,0,0,Paraguay
6326,Copa America,1983-10-27,Uruguay,2,0,Brazil
6328,Copa America,1983-11-04,Brazil,1,1,Uruguay
6439,Friendly,1984-06-10,Brazil,0,2,England
6448,Friendly,1984-06-17,Brazil,0,0,Argentina
6456,Friendly,1984-06-21,Brazil,1,0,Uruguay
6708,Friendly,1985-04-25,Brazil,2,1,Colombia
6709,Friendly,1985-04-28,Brazil,0,1,Peru
6720,Friendly,1985-05-02,Brazil,2,0,Uruguay
6723,Friendly,1985-05-05,Brazil,2,1,Argentina
6732,Friendly,1985-05-15,Colombia,1,0,Brazil
6738,Friendly,1985-05-21,Chile,2,1,Brazil
6747,FIFA World Cup qualification,1985-06-02,Bolivia,0,2,Brazil
6756,Friendly,1985-06-08,Brazil,3,1,Chile
6766,FIFA World Cup qualification,1985-06-16,Paraguay,0,2,Brazil
6768,FIFA World Cup qualification,1985-06-23,Brazil,1,1,Paraguay
6771,FIFA World Cup qualification,1985-06-30,Brazil,1,1,Bolivia
6925,Friendly,1986-03-12,Germany,2,0,Brazil
6931,Friendly,1986-03-16,Hungary,3,0,Brazil
6948,Friendly,1986-04-01,Brazil,4,0,Peru
6953,Friendly,1986-04-08,Brazil,3,0,German DR
6957,Friendly,1986-04-17,Brazil,3,0,Finland
6967,Friendly,1986-04-30,Brazil,4,2,Yugoslavia
6972,Friendly,1986-05-07,Brazil,1,1,Chile
7091,Rous Cup,1987-05-19,England,1,1,Brazil
7093,Friendly,1987-05-23,Republic of Ireland,1,0,Brazil
7095,Rous Cup,1987-05-26,Scotland,0,2,Brazil
7097,Friendly,1987-05-28,Finland,2,3,Brazil
7098,Friendly,1987-06-01,Israel,0,4,Brazil
7114,Friendly,1987-06-21,Brazil,4,1,Ecuador
7118,Copa America,1987-06-28,Brazil,5,0,Venezuela
7120,Copa America,1987-07-03,Chile,4,0,Brazil
7177,Friendly,1987-12-09,Brazil,2,1,Chile
7182,Friendly,1987-12-12,Brazil,1,1,Germany
7332,Friendly,1988-07-07,Australia,0,1,Brazil
7335,Friendly,1988-07-10,Argentina,0,0,Brazil
7336,Friendly,1988-07-13,Brazil,4,1,Saudi Arabia
7341,Friendly,1988-07-17,Australia,0,2,Brazil
7347,Friendly,1988-07-28,Norway,1,1,Brazil
7351,Friendly,1988-08-03,Austria,0,2,Brazil
7382,Friendly,1988-10-12,Belgium,1,2,Brazil
7484,Friendly,1989-03-15,Brazil,1,0,Ecuador
7505,Friendly,1989-04-12,Brazil,2,0,Paraguay
7530,Friendly,1989-05-10,Brazil,4,1,Peru
7541,Friendly,1989-05-24,Peru,1,1,Brazil
7564,Friendly,1989-06-08,Brazil,4,0,Portugal
7573,Friendly,1989-06-16,Brazil,1,2,Sweden
7575,Friendly,1989-06-18,Denmark,4,0,Brazil
7579,Friendly,1989-06-21,Switzerland,1,0,Brazil
7587,Copa America,1989-07-01,Brazil,3,1,Venezuela
7590,Copa America,1989-07-03,Brazil,0,0,Peru
7595,Copa America,1989-07-07,Brazil,0,0,Colombia
7597,Copa America,1989-07-09,Brazil,2,0,Paraguay
7600,Copa America,1989-07-12,Brazil,2,0,Argentina
7603,Copa America,1989-07-14,Brazil,3,0,Paraguay
7605,Copa America,1989-07-16,Brazil,1,0,Uruguay
7610,Friendly,1989-07-23,Brazil,1,0,Japan
7613,FIFA World Cup qualification,1989-07-30,Venezuela,0,4,Brazil
7618,FIFA World Cup qualification,1989-08-13,Chile,1,1,Brazil
7622,FIFA World Cup qualification,1989-08-20,Brazil,6,0,Venezuela
7632,FIFA World Cup qualification,1989-09-03,Brazil,1,0,Chile
7663,Friendly,1989-10-14,Italy,0,1,Brazil
7685,Friendly,1989-11-14,Brazil,0,0,Yugoslavia
7705,Friendly,1989-12-20,Netherlands,0,1,Brazil
7752,Friendly,1990-03-28,England,1,0,Brazil
7771,Friendly,1990-05-05,Brazil,2,1,Bulgaria
7777,Friendly,1990-05-13,Brazil,3,3,German DR
7825,Friendly,1990-09-12,Spain,3,0,Brazil
7849,Friendly,1990-11-08,Brazil,0,0,Chile
7862,Friendly,1990-12-12,Mexico,0,0,Brazil
7901,Friendly,1991-02-27,Brazil,1,1,Paraguay
7910,Friendly,1991-03-27,Argentina,3,3,Brazil
7951,Friendly,1991-05-28,Brazil,3,0,Bulgaria
7982,Friendly,1991-06-27,Brazil,1,1,Argentina
8003,Copa America,1991-07-09,Bolivia,1,2,Brazil
8006,Copa America,1991-07-11,Brazil,1,1,Uruguay
8009,Copa America,1991-07-13,Brazil,0,2,Colombia
8013,Copa America,1991-07-15,Brazil,3,1,Ecuador
8015,Copa America,1991-07-17,Argentina,3,2,Brazil
8016,Copa America,1991-07-19,Brazil,2,0,Colombia
8019,Copa America,1991-07-21,Chile,0,2,Brazil
8039,Friendly,1991-09-11,Wales,1,0,Brazil
8063,Friendly,1991-10-30,Brazil,3,1,Yugoslavia
8090,Friendly,1991-12-18,Brazil,2,1,Czechoslovakia
8120,Friendly,1992-02-26,Brazil,3,0,United States
8136,Friendly,1992-04-15,Brazil,3,1,Finland
8147,Friendly,1992-04-30,Uruguay,1,0,Brazil
8153,Friendly,1992-05-17,England,1,1,Brazil
8212,Friendly,1992-07-31,Brazil,5,0,Mexico
8216,Friendly,1992-08-02,United States,0,1,Brazil
8230,Friendly,1992-08-26,France,0,2,Brazil
8254,Friendly,1992-09-23,Brazil,4,2,Costa Rica
8328,Friendly,1992-11-25,Brazil,1,2,Uruguay
8345,Friendly,1992-12-16,Brazil,3,1,Germany
8389,Friendly,1993-02-18,Argentina,1,1,Brazil
8409,Friendly,1993-03-17,Brazil,2,2,Poland
8503,USA Cup,1993-06-06,United States,0,2,Brazil
8510,USA Cup,1993-06-10,Brazil,3,3,Germany
8513,USA Cup,1993-06-13,Brazil,1,1,England
8523,Copa America,1993-06-18,Brazil,0,0,Peru
8531,Copa America,1993-06-21,Brazil,2,3,Chile
8538,Copa America,1993-06-24,Brazil,3,0,Paraguay
8544,Copa America,1993-06-27,Brazil,1,1,Argentina
8565,Friendly,1993-07-14,Brazil,2,0,Paraguay
8573,FIFA World Cup qualification,1993-07-18,Ecuador,0,0,Brazil
8579,FIFA World Cup qualification,1993-07-25,Bolivia,2,0,Brazil
8590,FIFA World Cup qualification,1993-08-01,Venezuela,1,5,Brazil
8593,Friendly,1993-08-08,Brazil,1,1,Mexico
8600,FIFA World Cup qualification,1993-08-15,Uruguay,1,1,Brazil
8602,FIFA World Cup qualification,1993-08-22,Brazil,2,0,Ecuador
8606,FIFA World Cup qualification,1993-08-29,Brazil,6,0,Bolivia
8610,FIFA World Cup qualification,1993-09-05,Brazil,4,0,Venezuela
8624,FIFA World Cup qualification,1993-09-19,Brazil,2,0,Uruguay
8685,Friendly,1993-11-17,Germany,2,1,Brazil
8702,Friendly,1993-12-16,Mexico,0,1,Brazil
8753,Friendly,1994-03-23,Brazil,2,0,Argentina
8787,Friendly,1994-05-04,Brazil,3,0,Iceland
8819,Friendly,1994-06-05,Canada,1,1,Brazil
8824,Friendly,1994-06-08,Honduras,2,8,Brazil
8832,Friendly,1994-06-12,El Salvador,0,4,Brazil
8933,Friendly,1994-12-23,Brazil,2,0,Serbia
8965,Friendly,1995-02-22,Brazil,5,0,Slovakia
8979,Friendly,1995-03-29,Brazil,1,1,Honduras
9013,Friendly,1995-05-17,Israel,1,2,Brazil
9027,Friendly,1995-06-04,Brazil,1,0,Sweden
9034,Friendly,1995-06-06,Brazil,3,0,Japan
9046,Friendly,1995-06-11,England,1,3,Brazil
9068,Copa America,1995-07-07,Brazil,1,0,Ecuador
9073,Copa America,1995-07-10,Brazil,2,0,Peru
9077,Copa America,1995-07-13,Brazil,3,0,Colombia
9084,Copa America,1995-07-17,Brazil,2,2,Argentina
9087,Copa America,1995-07-20,United States,0,1,Brazil
9091,Copa America,1995-07-23,Uruguay,1,1,Brazil
9099,Friendly,1995-08-09,Japan,1,5,Brazil
9100,Friendly,1995-08-12,South Korea,0,1,Brazil
9129,Friendly,1995-10-11,Brazil,2,0,Uruguay
9146,Friendly,1995-11-08,Argentina,0,1,Brazil
9180,Friendly,1995-12-20,Brazil,3,1,Colombia
9193,Gold Cup,1996-01-12,Brazil,4,1,Canada
9197,Gold Cup,1996-01-14,Honduras,0,5,Brazil
9203,Gold Cup,1996-01-18,United States,0,1,Brazil
9206,Gold Cup,1996-01-21,Mexico,2,0,Brazil
9250,Friendly,1996-03-27,Brazil,8,2,Ghana
9268,Friendly,1996-04-24,South Africa,2,3,Brazil
9370,Friendly,1996-08-28,Russia,2,2,Brazil
9378,Friendly,1996-08-31,Netherlands,2,2,Brazil
9432,Friendly,1996-10-16,Brazil,3,1,Lithuania
9468,Friendly,1996-11-13,Brazil,2,0,Cameroon
9508,Friendly,1996-12-18,Brazil,1,0,Bosnia and Herzegovina
9559,Friendly,1997-02-26,Brazil,4,2,Poland
9593,Friendly,1997-04-02,Brazil,4,0,Chile
9628,Friendly,1997-04-30,Brazil,4,0,Mexico
9648,Friendly,1997-05-30,Norway,4,2,Brazil
9656,Tournoi de France,1997-06-03,France,1,1,Brazil
9674,Tournoi de France,1997-06-08,Italy,3,3,Brazil
9680,Tournoi de France,1997-06-10,England,0,1,Brazil
9690,Copa America,1997-06-13,Brazil,5,0,Costa Rica
9700,Copa America,1997-06-16,Brazil,3,2,Mexico
9710,Copa America,1997-06-19,Brazil,2,0,Colombia
9715,Copa America,1997-06-22,Brazil,2,0,Paraguay
9722,Copa America,1997-06-26,Brazil,7,0,Peru
9726,Copa America,1997-06-29,Bolivia,1,3,Brazil
9748,Friendly,1997-08-10,South Korea,1,2,Brazil
9749,Friendly,1997-08-13,Japan,0,3,Brazil
9775,Friendly,1997-09-10,Brazil,4,2,Ecuador
9804,Friendly,1997-10-09,Brazil,2,0,Morocco
9845,Friendly,1997-11-11,Brazil,3,0,Wales
9871,Friendly,1997-12-07,South Africa,1,2,Brazil
9873,Confederations Cup,1997-12-12,Saudi Arabia,0,3,Brazil
9875,Confederations Cup,1997-12-14,Australia,0,0,Brazil
9878,Confederations Cup,1997-12-16,Brazil,3,2,Mexico
9881,Confederations Cup,1997-12-19,Brazil,2,0,Czech Republic
9883,Confederations Cup,1997-12-21,Brazil,6,0,Australia
9903,Gold Cup,1998-02-03,Brazil,0,0,Jamaica
9907,Gold Cup,1998-02-05,Brazil,1,1,Guatemala
9914,Gold Cup,1998-02-08,El Salvador,0,4,Brazil
9918,Gold Cup,1998-02-10,United States,1,0,Brazil
9927,Gold Cup,1998-02-15,Brazil,1,0,Jamaica
9954,Friendly,1998-03-25,Germany,1,2,Brazil
9980,Friendly,1998-04-29,Brazil,0,1,Argentina
10022,Friendly,1998-06-03,Andorra,0,3,Brazil
10066,Friendly,1998-09-23,Brazil,1,1,Serbia
10091,Friendly,1998-10-14,Brazil,5,1,Ecuador
10116,Friendly,1998-11-18,Brazil,5,1,Russia
10185,Friendly,1999-03-28,South Korea,1,0,Brazil
10189,Friendly,1999-03-31,Japan,0,2,Brazil
10221,Friendly,1999-06-05,Brazil,2,2,Netherlands
10237,Friendly,1999-06-08,Brazil,3,1,Netherlands
10250,Friendly,1999-06-16,Brazil,2,0,Poland
10259,Friendly,1999-06-19,Thailand,0,2,Brazil
10263,Friendly,1999-06-26,Brazil,3,0,Latvia
10265,Copa America,1999-06-30,Brazil,7,0,Venezuela
10270,Copa America,1999-07-03,Brazil,2,1,Mexico
10274,Copa America,1999-07-06,Brazil,1,0,Chile
10281,Copa America,1999-07-11,Brazil,2,1,Argentina
10284,Copa America,1999-07-14,Mexico,0,2,Brazil
10288,Copa America,1999-07-18,Brazil,3,0,Uruguay
10290,Confederations Cup,1999-07-24,Brazil,4,0,Germany
10295,Confederations Cup,1999-07-28,Brazil,1,0,United States
10299,Confederations Cup,1999-07-30,New Zealand,0,2,Brazil
10301,Confederations Cup,1999-08-01,Brazil,8,2,Saudi Arabia
10304,Confederations Cup,1999-08-04,Mexico,4,3,Brazil
10319,Friendly,1999-09-04,Argentina,2,0,Brazil
10330,Friendly,1999-09-07,Brazil,4,2,Argentina
10351,Friendly,1999-10-09,Netherlands,2,2,Brazil
10373,Friendly,1999-11-13,Spain,0,0,Brazil
10452,King's Cup,2000-02-23,Thailand,0,7,Brazil
10462,FIFA World Cup qualification,2000-03-28,Colombia,0,0,Brazil
10500,FIFA World Cup qualification,2000-04-26,Brazil,3,2,Ecuador
10517,Friendly,2000-05-23,Wales,0,3,Brazil
10523,Friendly,2000-05-27,England,1,1,Brazil
10550,FIFA World Cup qualification,2000-06-04,Peru,0,1,Brazil
10606,FIFA World Cup qualification,2000-06-28,Brazil,1,1,Uruguay
10625,FIFA World Cup qualification,2000-07-18,Paraguay,2,1,Brazil
10632,FIFA World Cup qualification,2000-07-26,Brazil,3,1,Argentina
10637,FIFA World Cup qualification,2000-08-15,Chile,3,0,Brazil
10665,FIFA World Cup qualification,2000-09-03,Brazil,5,0,Bolivia
10710,FIFA World Cup qualification,2000-10-08,Venezuela,0,6,Brazil
10744,FIFA World Cup qualification,2000-11-15,Brazil,1,0,Colombia
10820,Friendly,2001-03-03,United States,1,2,Brazil
10822,Friendly,2001-03-07,Mexico,3,3,Brazil
10849,FIFA World Cup qualification,2001-03-28,Ecuador,1,0,Brazil
10872,FIFA World Cup qualification,2001-04-25,Brazil,1,1,Peru
10900,Confederations Cup,2001-05-31,Brazil,2,0,Cameroon
10906,Confederations Cup,2001-06-02,Canada,0,0,Brazil
10927,Confederations Cup,2001-06-04,Japan,0,0,Brazil
10939,Confederations Cup,2001-06-07,France,2,1,Brazil
10942,Confederations Cup,2001-06-09,Australia,1,0,Brazil
10960,FIFA World Cup qualification,2001-07-01,Uruguay,1,0,Brazil
10966,Copa America,2001-07-12,Brazil,0,1,Mexico
10972,Copa America,2001-07-15,Brazil,2,0,Peru
10978,Copa America,2001-07-18,Brazil,3,1,Paraguay
10987,Copa America,2001-07-23,Brazil,0,2,Honduras
10999,Friendly,2001-08-09,Brazil,5,0,Panama
11004,FIFA World Cup qualification,2001-08-15,Brazil,2,0,Paraguay
11039,FIFA World Cup qualification,2001-09-05,Argentina,2,1,Brazil
11084,FIFA World Cup qualification,2001-10-07,Brazil,2,0,Chile
11100,FIFA World Cup qualification,2001-11-07,Bolivia,3,1,Brazil
11116,FIFA World Cup qualification,2001-11-14,Brazil,3,0,Venezuela
11186,Friendly,2002-01-31,Brazil,6,0,Bolivia
11194,Friendly,2002-02-06,Saudi Arabia,0,1,Brazil
11220,Friendly,2002-03-07,Brazil,6,1,Iceland
11230,Friendly,2002-03-27,Brazil,1,0,Serbia
11259,Friendly,2002-04-17,Portugal,1,1,Brazil
11287,Friendly,2002-05-18,Catalonia,1,3,Brazil
11295,Friendly,2002-05-25,Malaysia,0,4,Brazil
11307,Friendly,2002-08-21,Brazil,0,1,Paraguay
11380,Friendly,2002-11-20,South Korea,2,3,Brazil
11407,Friendly,2003-02-12,China PR,0,0,Brazil
11450,Friendly,2003-03-29,Portugal,2,1,Brazil
11476,Friendly,2003-04-30,Mexico,0,0,Brazil
11517,Friendly,2003-06-11,Nigeria,0,3,Brazil
11525,Confederations Cup,2003-06-19,Brazil,0,1,Cameroon
11529,Confederations Cup,2003-06-21,Brazil,1,0,United States
11534,Confederations Cup,2003-06-23,Brazil,2,2,Turkey
11545,Gold Cup,2003-07-13,Mexico,1,0,Brazil
11548,Gold Cup,2003-07-15,Brazil,2,1,Honduras
11552,Gold Cup,2003-07-19,Colombia,0,2,Brazil
11556,Gold Cup,2003-07-23,United States,1,2,Brazil
11560,Gold Cup,2003-07-27,Mexico,1,0,Brazil
11593,FIFA World Cup qualification,2003-09-07,Colombia,1,2,Brazil
11598,FIFA World Cup qualification,2003-09-10,Brazil,1,0,Ecuador
11644,Friendly,2003-10-12,Brazil,1,0,Jamaica
11670,FIFA World Cup qualification,2003-11-16,Peru,1,1,Brazil
11674,FIFA World Cup qualification,2003-11-19,Brazil,3,3,Uruguay
11743,Friendly,2004-02-18,Republic of Ireland,0,0,Brazil
11771,FIFA World Cup qualification,2004-03-31,Paraguay,0,0,Brazil
11788,Friendly,2004-04-28,Hungary,1,4,Brazil
11801,Friendly,2004-05-20,France,0,0,Brazil
11804,Friendly,2004-05-25,Catalonia,2,5,Brazil
11825,FIFA World Cup qualification,2004-06-02,Brazil,3,1,Argentina
11848,FIFA World Cup qualification,2004-06-06,Chile,1,1,Brazil
11909,Copa America,2004-07-08,Brazil,1,0,Chile
11915,Copa America,2004-07-11,Brazil,4,1,Costa Rica
11921,Copa America,2004-07-14,Brazil,1,2,Paraguay
11926,Copa America,2004-07-18,Mexico,0,4,Brazil
11935,Copa America,2004-07-21,Uruguay,1,1,Brazil
11941,Copa America,2004-07-25,Argentina,2,2,Brazil
11958,Friendly,2004-08-18,Haiti,0,6,Brazil
11987,FIFA World Cup qualification,2004-09-05,Brazil,3,1,Bolivia
11996,Friendly,2004-09-08,Germany,1,1,Brazil
12030,FIFA World Cup qualification,2004-10-09,Venezuela,2,5,Brazil
12039,FIFA World Cup qualification,2004-10-13,Brazil,0,0,Colombia
12066,FIFA World Cup qualification,2004-11-17,Ecuador,1,0,Brazil
12122,Lunar New Year Cup,2005-02-09,Hong Kong,1,7,Brazil
12169,FIFA World Cup qualification,2005-03-27,Brazil,1,0,Peru
12194,FIFA World Cup qualification,2005-03-30,Uruguay,1,1,Brazil
12196,Friendly,2005-04-27,Brazil,3,0,Guatemala
12229,FIFA World Cup qualification,2005-06-05,Brazil,4,1,Paraguay
12233,FIFA World Cup qualification,2005-06-08,Argentina,3,1,Brazil
12253,Confederations Cup,2005-06-16,Brazil,3,0,Greece
12263,Confederations Cup,2005-06-19,Mexico,1,0,Brazil
12268,Confederations Cup,2005-06-22,Japan,2,2,Brazil
12269,Confederations Cup,2005-06-25,Germany,2,3,Brazil
12271,Confederations Cup,2005-06-29,Brazil,4,1,Argentina
12296,Friendly,2005-08-17,Croatia,1,1,Brazil
12336,FIFA World Cup qualification,2005-09-04,Brazil,5,0,Chile
12377,FIFA World Cup qualification,2005-10-09,Bolivia,1,1,Brazil
12379,FIFA World Cup qualification,2005-10-12,Brazil,3,0,Venezuela
12411,Friendly,2005-11-12,United Arab Emirates,0,8,Brazil
12506,Friendly,2006-03-01,Russia,0,1,Brazil
12577,Friendly,2006-06-04,Brazil,4,0,New Zealand
12609,Friendly,2006-08-16,Norway,1,1,Brazil
12625,Friendly,2006-09-03,Argentina,0,3,Brazil
12630,Friendly,2006-09-05,Wales,0,2,Brazil
12669,Friendly,2006-10-10,Brazil,2,1,Ecuador
12704,Friendly,2006-11-15,Switzerland,1,2,Brazil
12729,Friendly,2007-02-06,Portugal,2,0,Brazil
12750,Friendly,2007-03-24,Brazil,4,0,Chile
12774,Friendly,2007-03-27,Brazil,1,0,Ghana
12789,Friendly,2007-06-01,England,1,1,Brazil
12816,Friendly,2007-06-05,Turkey,0,0,Brazil
12857,Copa America,2007-06-27,Brazil,0,2,Mexico
12865,Copa America,2007-07-01,Brazil,3,0,Chile
12873,Copa America,2007-07-04,Brazil,1,0,Ecuador
12879,Copa America,2007-07-07,Chile,1,6,Brazil
12885,Copa America,2007-07-10,Uruguay,2,2,Brazil
12895,Copa America,2007-07-15,Brazil,3,0,Argentina
12911,Friendly,2007-08-22,Algeria,0,2,Brazil
12948,Friendly,2007-09-09,United States,2,4,Brazil
12962,Friendly,2007-09-12,Mexico,1,3,Brazil
12984,FIFA World Cup qualification,2007-10-14,Colombia,0,0,Brazil
12992,FIFA World Cup qualification,2007-10-17,Brazil,5,0,Ecuador
13031,FIFA World Cup qualification,2007-11-18,Peru,1,1,Brazil
13039,FIFA World Cup qualification,2007-11-21,Brazil,2,1,Uruguay
13091,Friendly,2008-02-06,Republic of Ireland,0,1,Brazil
13119,Friendly,2008-03-26,Brazil,1,0,Sweden
13166,Friendly,2008-05-31,Brazil,3,2,Canada
13190,Friendly,2008-06-06,Brazil,0,2,Venezuela
13231,FIFA World Cup qualification,2008-06-15,Paraguay,2,0,Brazil
13241,FIFA World Cup qualification,2008-06-18,Brazil,0,0,Argentina
13323,FIFA World Cup qualification,2008-09-07,Chile,0,3,Brazil
13324,FIFA World Cup qualification,2008-09-10,Brazil,0,0,Bolivia
13371,FIFA World Cup qualification,2008-10-12,Venezuela,0,4,Brazil
13378,FIFA World Cup qualification,2008-10-15,Brazil,0,0,Colombia
13400,Friendly,2008-11-19,Brazil,6,2,Portugal
13453,Friendly,2009-02-10,Brazil,2,0,Italy
13506,FIFA World Cup qualification,2009-03-29,Ecuador,1,1,Brazil
13531,FIFA World Cup qualification,2009-04-01,Brazil,3,0,Peru
13566,FIFA World Cup qualification,2009-06-06,Uruguay,0,4,Brazil
13573,FIFA World Cup qualification,2009-06-10,Brazil,2,1,Paraguay
13586,Confederations Cup,2009-06-15,Brazil,4,3,Egypt
13592,Confederations Cup,2009-06-18,United States,0,3,Brazil
13598,Confederations Cup,2009-06-21,Italy,0,3,Brazil
13601,Confederations Cup,2009-06-25,South Africa,0,1,Brazil
13605,Confederations Cup,2009-06-28,United States,2,3,Brazil
13635,Friendly,2009-08-12,Estonia,0,1,Brazil
13656,FIFA World Cup qualification,2009-09-05,Argentina,1,3,Brazil
13698,FIFA World Cup qualification,2009-09-09,Brazil,4,2,Chile
13725,FIFA World Cup qualification,2009-10-11,Bolivia,2,1,Brazil
13729,FIFA World Cup qualification,2009-10-14,Brazil,0,0,Venezuela
13752,Friendly,2009-11-14,Brazil,1,0,England
13774,Friendly,2009-11-17,Oman,0,2,Brazil
13828,Friendly,2010-03-02,Republic of Ireland,0,2,Brazil
13892,Friendly,2010-06-02,Zimbabwe,0,3,Brazil
13905,Friendly,2010-06-07,Tanzania,1,5,Brazil
13911,Friendly,2010-08-10,United States,0,2,Brazil
13978,Friendly,2010-10-07,Iran,0,3,Brazil
14002,Friendly,2010-10-11,Brazil,2,0,Ukraine
14024,Friendly,2010-11-17,Argentina,1,0,Brazil
14096,Friendly,2011-02-09,France,1,0,Brazil
14133,Friendly,2011-03-27,Brazil,2,0,Scotland
14169,Friendly,2011-06-04,Brazil,0,0,Netherlands
14184,Friendly,2011-06-07,Brazil,1,0,Romania
14214,Copa America,2011-07-03,Brazil,0,0,Venezuela
14222,Copa America,2011-07-09,Brazil,2,2,Paraguay
14226,Copa America,2011-07-13,Brazil,4,2,Ecuador
14230,Copa America,2011-07-17,Brazil,0,0,Paraguay
14243,Friendly,2011-08-10,Germany,3,2,Brazil
14288,Friendly,2011-09-05,Brazil,1,0,Ghana
14306,Superclasico de las Americas,2011-09-14,Argentina,0,0,Brazil
14307,Superclasico de las Americas,2011-09-28,Brazil,2,0,Argentina
14313,Friendly,2011-10-07,Costa Rica,0,1,Brazil
14349,Friendly,2011-10-11,Mexico,1,2,Brazil
14359,Friendly,2011-11-10,Gabon,0,2,Brazil
14386,Friendly,2011-11-14,Brazil,2,0,Egypt
14438,Friendly,2012-02-28,Bosnia and Herzegovina,1,2,Brazil
14476,Friendly,2012-05-26,Denmark,1,3,Brazil
14493,Friendly,2012-05-30,United States,1,4,Brazil
14514,Friendly,2012-06-03,Mexico,2,0,Brazil
14527,Friendly,2012-06-09,Brazil,3,4,Argentina
14593,Friendly,2012-08-15,Sweden,0,3,Brazil
14605,Friendly,2012-09-07,Brazil,1,0,South Africa
14628,Friendly,2012-09-10,Brazil,8,0,China PR
14651,Superclasico de las Americas,2012-09-19,Brazil,2,1,Argentina
14652,Friendly,2012-10-11,Brazil,6,0,Iraq
14685,Friendly,2012-10-16,Japan,0,4,Brazil
14698,Friendly,2012-11-14,Brazil,1,1,Colombia
14719,Superclasico de las Americas,2012-11-21,Argentina,2,1,Brazil
14766,Friendly,2013-02-06,England,2,1,Brazil
14791,Friendly,2013-03-21,Italy,2,2,Brazil
14817,Friendly,2013-03-25,Russia,1,1,Brazil
14837,Friendly,2013-04-06,Bolivia,0,4,Brazil
14840,Friendly,2013-04-24,Brazil,2,2,Chile
14850,Friendly,2013-06-02,Brazil,2,2,England
14876,Friendly,2013-06-09,Brazil,3,0,France
14894,Confederations Cup,2013-06-15,Brazil,3,0,Japan
14907,Confederations Cup,2013-06-19,Brazil,2,0,Mexico
14911,Confederations Cup,2013-06-22,Brazil,4,2,Italy
14915,Confederations Cup,2013-06-26,Brazil,2,1,Uruguay
14917,Confederations Cup,2013-06-30,Brazil,3,0,Spain
14960,Friendly,2013-08-14,Switzerland,1,0,Brazil
14989,Friendly,2013-09-07,Brazil,6,0,Australia
15001,Friendly,2013-09-10,Brazil,3,1,Portugal
15035,Friendly,2013-10-12,South Korea,0,2,Brazil
15041,Friendly,2013-10-15,Brazil,2,0,Zambia
15078,Friendly,2013-11-16,Honduras,0,5,Brazil
15087,Friendly,2013-11-19,Brazil,2,1,Chile
15147,Friendly,2014-03-05,South Africa,0,5,Brazil
15189,Friendly,2014-06-03,Brazil,4,0,Panama
15195,Friendly,2014-06-06,Brazil,1,0,Serbia
15269,Superclasico de las Americas,2014-10-11,Argentina,0,2,Brazil
15288,Friendly,2014-10-14,Japan,0,4,Brazil
15304,Friendly,2014-11-12,Turkey,0,4,Brazil
15329,Friendly,2014-11-18,Austria,1,2,Brazil
15407,Friendly,2015-03-26,France,1,3,Brazil
15421,Friendly,2015-03-29,Brazil,1,0,Chile
15453,Friendly,2015-06-07,Brazil,2,0,Mexico
15461,Friendly,2015-06-10,Brazil,1,0,Honduras
15486,Copa America,2015-06-14,Brazil,2,1,Peru
15501,Copa America,2015-06-17,Brazil,0,1,Colombia
15506,Copa America,2015-06-21,Brazil,2,1,Venezuela
15510,Copa America,2015-06-27,Brazil,1,1,Paraguay
15553,Friendly,2015-09-05,Costa Rica,0,1,Brazil
15584,FIFA World Cup qualification,2015-10-08,Chile,2,0,Brazil
15616,FIFA World Cup qualification,2015-10-13,Brazil,3,1,Venezuela
15641,FIFA World Cup qualification,2015-11-13,Argentina,1,1,Brazil
15661,FIFA World Cup qualification,2015-11-17,Brazil,3,0,Peru
15707,FIFA World Cup qualification,2016-03-25,Brazil,2,2,Uruguay
15739,FIFA World Cup qualification,2016-03-29,Paraguay,2,2,Brazil
15780,Copa America,2016-06-04,Brazil,0,0,Ecuador
15800,Copa America,2016-06-08,Brazil,7,1,Haiti
15812,Copa America,2016-06-12,Brazil,0,1,Peru
15869,FIFA World Cup qualification,2016-09-01,Ecuador,0,3,Brazil
15894,FIFA World Cup qualification,2016-09-06,Brazil,2,1,Colombia
15915,FIFA World Cup qualification,2016-10-06,Brazil,5,0,Bolivia
15965,FIFA World Cup qualification,2016-10-11,Venezuela,0,2,Brazil
15967,FIFA World Cup qualification,2016-11-10,Brazil,3,0,Argentina
16006,FIFA World Cup qualification,2016-11-15,Peru,0,2,Brazil
16041,Friendly,2017-01-26,Brazil,1,0,Colombia
16064,FIFA World Cup qualification,2017-03-23,Uruguay,1,4,Brazil
16085,FIFA World Cup qualification,2017-03-28,Brazil,3,0,Paraguay
16128,Superclasico de las Americas,2017-06-09,Argentina,1,0,Brazil
16146,Friendly,2017-06-13,Australia,0,4,Brazil
16203,FIFA World Cup qualification,2017-08-31,Brazil,2,0,Ecuador
16239,FIFA World Cup qualification,2017-09-05,Colombia,1,1,Brazil
16257,FIFA World Cup qualification,2017-10-05,Bolivia,0,0,Brazil
16297,FIFA World Cup qualification,2017-10-10,Brazil,3,0,Chile
16320,Friendly,2017-11-10,Japan,1,3,Brazil
16341,Friendly,2017-11-14,England,0,0,Brazil
16397,Friendly,2018-03-23,Russia,0,3,Brazil
16416,Friendly,2018-03-27,Germany,0,1,Brazil
16455,Friendly,2018-06-03,Croatia,0,2,Brazil
16477,Friendly,2018-06-10,Austria,0,3,Brazil
16495,Friendly,2018-09-07,United States,0,2,Brazil
16517,Friendly,2018-09-12,Brazil,5,0,El Salvador
16530,Friendly,2018-10-12,Saudi Arabia,0,2,Brazil
16555,Superclasico de las Americas,2018-10-16,Argentina,0,1,Brazil
16568,Friendly,2018-11-16,Brazil,1,0,Uruguay
16591,Friendly,2018-11-20,Brazil,1,0,Cameroon
16656,Friendly,2019-03-23,Brazil,1,1,Panama
16674,Friendly,2019-03-26,Czech Republic,1,3,Brazil
16687,Friendly,2019-06-05,Brazil,2,0,Qatar
16707,Friendly,2019-06-09,Brazil,7,0,Honduras
16726,Copa America,2019-06-14,Brazil,3,0,Bolivia
16738,Copa America,2019-06-18,Brazil,0,0,Venezuela
16747,Copa America,2019-06-22,Brazil,5,0,Peru
16761,Copa America,2019-06-27,Brazil,0,0,Paraguay
16775,Copa America,2019-07-02,Brazil,2,0,Argentina
16782,Copa America,2019-07-07,Brazil,3,1,Peru
16801,Friendly,2019-09-06,Brazil,2,2,Colombia
16825,Friendly,2019-09-10,Brazil,0,1,Peru
16852,Friendly,2019-10-10,Brazil,1,1,Senegal
16876,Friendly,2019-10-13,Brazil,1,1,Nigeria
16920,Superclasico de las Americas,2019-11-15,Brazil,0,1,Argentina
16952,Friendly,2019-11-19,Brazil,3,0,South Korea
17010,FIFA World Cup qualification,2020-10-09,Brazil,5,0,Bolivia
17033,FIFA World Cup qualification,2020-10-13,Peru,2,4,Brazil
17059,FIFA World Cup qualification,2020-11-13,Brazil,1,0,Venezuela
17083,FIFA World Cup qualification,2020-11-17,Uruguay,0,2,Brazil
17174,FIFA World Cup qualification,2021-06-04,Brazil,2,0,Ecuador
17203,FIFA World Cup qualification,2021-06-08,Paraguay,0,2,Brazil
17222,Copa America,2021-06-13,Brazil,3,0,Venezuela
17239,Copa America,2021-06-17,Brazil,4,0,Peru
17261,Copa America,2021-06-23,Brazil,2,1,Colombia
17266,Copa America,2021-06-27,Brazil,1,1,Ecuador
17275,Copa America,2021-07-02,Brazil,1,0,Chile
17282,Copa America,2021-07-05,Brazil,1,0,Peru
17288,Copa America,2021-07-10,Brazil,0,1,Argentina
17339,FIFA World Cup qualification,2021-09-02,Chile,0,1,Brazil
17392,FIFA World Cup qualification,2021-09-09,Brazil,2,0,Peru
17404,FIFA World Cup qualification,2021-10-07,Venezuela,1,3,Brazil
17427,FIFA World Cup qualification,2021-10-10,Colombia,0,0,Brazil
17455,FIFA World Cup qualification,2021-10-14,Brazil,4,1,Uruguay
17469,FIFA World Cup qualification,2021-11-11,Brazil,1,0,Colombia
17510,FIFA World Cup qualification,2021-11-16,Argentina,0,0,Brazil
17563,FIFA World Cup qualification,2022-01-27,Ecuador,1,1,Brazil
17579,FIFA World Cup qualification,2022-02-01,Brazil,4,0,Paraguay
17593,FIFA World Cup qualification,2022-03-24,Brazil,4,0,Chile
17628,FIFA World Cup qualification,2022-03-29,Bolivia,0,4,Brazil
17659,Friendly,2022-06-02,South Korea,1,5,Brazil
17681,Friendly,2022-06-06,Japan,0,1,Brazil
17734,Friendly,2022-09-23,Brazil,3,0,Ghana
17755,Friendly,2022-09-27,Brazil,5,1,Tunisia
2,World Cup,1930-07-14,Yugoslavia,2,1,Brazil
11,World Cup,1930-07-20,Brazil,4,0,Bolivia
23,World Cup,1934-05-27,Spain,3,1,Brazil
40,World Cup,1938-06-05,Brazil,6,5,Poland
44,World Cup,1938-06-12,Brazil,1,1,Czechoslovakia
48,World Cup,1938-06-14,Brazil,2,1,Czechoslovakia
50,World Cup,1938-06-16,Italy,2,1,Brazil
51,World Cup,1938-06-19,Brazil,4,2,Sweden
53,World Cup,1950-06-24,Brazil,4,0,Mexico
58,World Cup,1950-06-28,Brazil,2,2,Switzerland
63,World Cup,1950-07-01,Brazil,2,0,Yugoslavia
70,World Cup,1950-07-09,Brazil,7,1,Sweden
71,World Cup,1950-07-13,Brazil,6,1,Spain
74,World Cup,1950-07-16,Uruguay,2,1,Brazil
77,World Cup,1954-06-16,Brazil,5,0,Mexico
85,World Cup,1954-06-19,Brazil,1,1,Yugoslavia
96,World Cup,1954-06-27,Hungary,4,2,Brazil
107,World Cup,1958-06-08,Brazil,3,0,Austria
109,World Cup,1958-06-11,Brazil,0,0,England
118,World Cup,1958-06-15,Brazil,2,0,Russia
128,World Cup,1958-06-19,Brazil,1,0,Wales
133,World Cup,1958-06-24,Brazil,5,2,France
135,World Cup,1958-06-29,Sweden,2,5,Brazil
137,World Cup,1962-05-30,Brazil,2,0,Mexico
145,World Cup,1962-06-02,Brazil,0,0,Czechoslovakia
153,World Cup,1962-06-06,Brazil,2,1,Spain
161,World Cup,1962-06-10,Brazil,3,1,England
165,World Cup,1962-06-13,Chile,2,4,Brazil
167,World Cup,1962-06-17,Brazil,3,1,Czechoslovakia
170,World Cup,1966-07-12,Brazil,2,0,Bulgaria
178,World Cup,1966-07-15,Hungary,3,1,Brazil
186,World Cup,1966-07-19,Portugal,3,1,Brazil
206,World Cup,1970-06-03,Brazil,4,1,Czechoslovakia
214,World Cup,1970-06-07,Brazil,1,0,England
218,World Cup,1970-06-10,Brazil,3,2,Romania
226,World Cup,1970-06-14,Brazil,4,2,Peru
228,World Cup,1970-06-17,Brazil,3,1,Uruguay
231,World Cup,1970-06-21,Brazil,4,1,Italy
232,World Cup,1974-06-13,Brazil,0,0,Yugoslavia
241,World Cup,1974-06-18,Scotland,0,0,Brazil
250,World Cup,1974-06-22,DR Congo,0,3,Brazil
257,World Cup,1974-06-26,Brazil,1,0,East Germany
260,World Cup,1974-06-30,Argentina,1,2,Brazil
265,World Cup,1974-07-03,Netherlands,2,0,Brazil
268,World Cup,1974-07-06,Brazil,0,1,Poland
274,World Cup,1978-06-03,Sweden,1,1,Brazil
282,World Cup,1978-06-07,Brazil,0,0,Spain
290,World Cup,1978-06-11,Brazil,1,0,Austria
296,World Cup,1978-06-14,Brazil,3,0,Peru
301,World Cup,1978-06-18,Argentina,0,0,Brazil
304,World Cup,1978-06-21,Brazil,3,1,Poland
306,World Cup,1978-06-24,Brazil,2,1,Italy
310,World Cup,1982-06-14,Brazil,2,1,Russia
322,World Cup,1982-06-18,Brazil,4,1,Scotland
337,World Cup,1982-06-23,Brazil,4,0,New Zealand
350,World Cup,1982-07-02,Argentina,1,3,Brazil
354,World Cup,1982-07-05,Italy,3,2,Brazil
361,World Cup,1986-06-01,Spain,0,1,Brazil
376,World Cup,1986-06-06,Brazil,1,0,Algeria
392,World Cup,1986-06-12,Northern Ireland,0,3,Brazil
398,World Cup,1986-06-16,Brazil,4,0,Poland
404,World Cup,1986-06-21,Brazil,1,1,France
417,World Cup,1990-06-10,Brazil,2,1,Sweden
430,World Cup,1990-06-16,Brazil,1,0,Costa Rica
442,World Cup,1990-06-20,Brazil,1,0,Scotland
450,World Cup,1990-06-24,Brazil,0,1,Argentina
472,World Cup,1994-06-20,Brazil,2,0,Russia
482,World Cup,1994-06-24,Brazil,3,0,Cameroon
494,World Cup,1994-06-28,Brazil,1,1,Sweden
505,World Cup,1994-07-04,United States,0,1,Brazil
509,World Cup,1994-07-09,Netherlands,2,3,Brazil
513,World Cup,1994-07-13,Sweden,0,1,Brazil
515,World Cup,1994-07-17,Brazil,0,0,Italy
516,World Cup,1998-06-10,Brazil,2,1,Scotland
533,World Cup,1998-06-16,Brazil,3,0,Morocco
551,World Cup,1998-06-23,Brazil,1,2,Norway
565,World Cup,1998-06-27,Brazil,4,1,Chile
573,World Cup,1998-07-03,Brazil,3,2,Denmark
576,World Cup,1998-07-07,Brazil,1,1,Netherlands
579,World Cup,1998-07-12,France,3,0,Brazil
589,World Cup,2002-06-03,Brazil,2,1,Turkey
605,World Cup,2002-06-08,Brazil,4,0,China
620,World Cup,2002-06-13,Costa Rica,2,5,Brazil
633,World Cup,2002-06-17,Brazil,2,0,Belgium
636,World Cup,2002-06-21,England,1,2,Brazil
641,World Cup,2002-06-26,Brazil,1,0,Turkey
643,World Cup,2002-06-30,Germany,0,2,Brazil
657,World Cup,2006-06-13,Brazil,1,0,Croatia
671,World Cup,2006-06-18,Brazil,2,0,Australia
686,World Cup,2006-06-22,Japan,1,4,Brazil
698,World Cup,2006-06-27,Brazil,3,0,Ghana
703,World Cup,2006-07-01,Brazil,0,1,France
721,World Cup,2010-06-15,Brazil,2,1,North Korea
736,World Cup,2010-06-20,Brazil,3,1,Ivory Coast
752,World Cup,2010-06-25,Portugal,0,0,Brazil
761,World Cup,2010-06-28,Brazil,3,0,Chile
764,World Cup,2010-07-02,Netherlands,2,1,Brazil
772,World Cup,2014-06-12,Brazil,3,1,Croatia
787,World Cup,2014-06-17,Brazil,0,0,Mexico
806,World Cup,2014-06-23,Brazil,4,1,Cameroon
820,World Cup,2014-06-28,Brazil,1,1,Chile
829,World Cup,2014-07-04,Brazil,2,1,Colombia
832,World Cup,2014-07-08,Brazil,1,7,Germany
834,World Cup,2014-07-12,Brazil,0,3,Netherlands
846,World Cup,2018-06-17,Brazil,1,1,Switzerland
859,World Cup,2018-06-22,Brazil,2,0,Costa Rica
878,World Cup,2018-06-27,Serbia,0,2,Brazil
888,World Cup,2018-07-02,Brazil,2,0,Mexico
893,World Cup,2018-07-06,Brazil,1,2,Belgium
